id,fecha_commit,fecha_despliegue,exitoso,horas_recuperacion
1,2026-08-31 23:53,2026-09-01 13:53,si,0
2,2026-09-02 20:44,2026-09-03 02:44,si,0
3,2026-09-04 00:52,2026-09-04 10:52,no,5
4,2026-09-05 08:59,2026-09-06 04:59,si,0
5,2026-09-05 10:26,2026-09-07 10:26,si,0
6,2026-09-08 07:01,2026-09-09 03:01,si,0
7,2026-09-08 11:05,2026-09-10 11:05,si,0
8,2026-09-11 12:42,2026-09-11 22:42,no,3
9,2026-09-13 11:34,2026-09-13 17:34,si,0
10,2026-09-13 04:55,2026-09-15 04:55,si,0
11,2026-09-15 14:35,2026-09-16 10:35,si,0
12,2026-09-17 08:33,2026-09-17 22:33,si,0
13,2026-09-18 23:28,2026-09-19 13:28,no,2
14,2026-09-20 14:51,2026-09-21 04:51,si,0
15,2026-09-21 15:14,2026-09-22 11:14,si,0
16,2026-09-23 16:28,2026-09-24 02:28,si,0
17,2026-09-24 20:46,2026-09-25 16:46,no,8
18,2026-09-25 06:09,2026-09-27 06:09,si,0
19,2026-09-26 15:19,2026-09-28 19:19,si,0
20,2026-09-28 01:01,2026-09-30 05:01,si,0
